,SUMMARY,CLIENT,FREQUENCY,PAY_DATE,INPUTS_DUE,SEND_REPORTS
0,acme inc - monthly - 2019-10-31,acme inc,monthly,2019-10-31,2019-10-24,2019-10-31
1,acme inc - monthly - 2019-11-29,acme inc,monthly,2019-11-29,2019-11-22,2019-11-29
2,acme inc - monthly - 2019-12-31,acme inc,monthly,2019-12-31,2019-12-24,2019-12-31
3,acme inc - monthly - 2020-01-31,acme inc,monthly,2020-01-31,2020-01-24,2020-01-31
4,acme inc - monthly - 2020-02-28,acme inc,monthly,2020-02-28,2020-02-21,2020-02-28
5,acme inc - monthly - 2020-03-31,acme inc,monthly,2020-03-31,2020-03-24,2020-03-31
6,acme inc - monthly - 2020-04-30,acme inc,monthly,2020-04-30,2020-04-23,2020-04-30
7,acme inc - monthly - 2020-05-29,acme inc,monthly,2020-05-29,2020-05-22,2020-05-29
8,acme inc - monthly - 2020-06-30,acme inc,monthly,2020-06-30,2020-06-23,2020-06-30
9,acme inc - monthly - 2020-07-31,acme inc,monthly,2020-07-31,2020-07-24,2020-07-31
10,acme inc - monthly - 2020-08-31,acme inc,monthly,2020-08-31,2020-08-24,2020-08-31
11,acme inc - monthly - 2020-09-30,acme inc,monthly,2020-09-30,2020-09-23,2020-09-30
12,damage inc - monthly - 2019-10-18,damage inc,monthly,2019-10-25,2019-10-15,2019-10-18
13,damage inc - monthly - 2019-11-18,damage inc,monthly,2019-11-25,2019-11-15,2019-11-18
14,damage inc - monthly - 2019-12-18,damage inc,monthly,2019-12-26,2019-12-13,2019-12-18
15,damage inc - monthly - 2020-01-17,damage inc,monthly,2020-01-24,2020-01-15,2020-01-17
16,damage inc - monthly - 2020-02-18,damage inc,monthly,2020-02-24,2020-02-14,2020-02-18
17,damage inc - monthly - 2020-03-18,damage inc,monthly,2020-03-26,2020-03-13,2020-03-18
18,damage inc - monthly - 2020-04-17,damage inc,monthly,2020-04-24,2020-04-15,2020-04-17
19,damage inc - monthly - 2020-05-18,damage inc,monthly,2020-05-26,2020-05-15,2020-05-18
20,damage inc - monthly - 2020-06-18,damage inc,monthly,2020-06-25,2020-06-15,2020-06-18
21,damage inc - monthly - 2020-07-17,damage inc,monthly,2020-07-24,2020-07-15,2020-07-17
22,damage inc - monthly - 2020-08-18,damage inc,monthly,2020-08-26,2020-08-14,2020-08-18
23,damage inc - monthly - 2020-09-18,damage inc,monthly,2020-09-25,2020-09-15,2020-09-18
24,evil inc - weekly - 2019-10-11,evil inc,weekly,2019-10-09,2019-10-07,2019-10-11
25,evil inc - weekly - 2019-10-11,evil inc,weekly,2019-10-09,2019-10-07,2019-10-11
26,evil inc - weekly - 2019-10-11,evil inc,weekly,2019-10-09,2019-10-07,2019-10-11
27,evil inc - weekly - 2019-10-11,evil inc,weekly,2019-10-09,2019-10-07,2019-10-11
28,evil inc - weekly - 2019-10-11,evil inc,weekly,2019-10-09,2019-10-07,2019-10-11
29,evil inc - weekly - 2019-10-11,evil inc,weekly,2019-10-09,2019-10-07,2019-10-11
30,evil inc - weekly - 2019-10-18,evil inc,weekly,2019-10-16,2019-10-14,2019-10-18
31,evil inc - weekly - 2019-10-18,evil inc,weekly,2019-10-16,2019-10-14,2019-10-18
32,evil inc - weekly - 2019-10-18,evil inc,weekly,2019-10-16,2019-10-14,2019-10-18
33,evil inc - weekly - 2019-10-18,evil inc,weekly,2019-10-16,2019-10-14,2019-10-18
34,evil inc - weekly - 2019-10-18,evil inc,weekly,2019-10-16,2019-10-14,2019-10-18
35,evil inc - weekly - 2019-10-18,evil inc,weekly,2019-10-16,2019-10-14,2019-10-18
36,evil inc - weekly - 2019-10-25,evil inc,weekly,2019-10-23,2019-10-21,2019-10-25
37,evil inc - weekly - 2019-10-25,evil inc,weekly,2019-10-23,2019-10-21,2019-10-25
38,evil inc - weekly - 2019-10-25,evil inc,weekly,2019-10-23,2019-10-21,2019-10-25
39,evil inc - weekly - 2019-10-25,evil inc,weekly,2019-10-23,2019-10-21,2019-10-25
40,evil inc - weekly - 2019-10-25,evil inc,weekly,2019-10-23,2019-10-21,2019-10-25
41,evil inc - weekly - 2019-10-25,evil inc,weekly,2019-10-23,2019-10-21,2019-10-25
42,evil inc - weekly - 2019-11-01,evil inc,weekly,2019-10-30,2019-10-28,2019-11-01
43,evil inc - weekly - 2019-11-01,evil inc,weekly,2019-10-30,2019-10-28,2019-11-01
44,evil inc - weekly - 2019-11-01,evil inc,weekly,2019-10-30,2019-10-28,2019-11-01
45,evil inc - weekly - 2019-11-01,evil inc,weekly,2019-10-30,2019-10-28,2019-11-01
46,evil inc - weekly - 2019-11-01,evil inc,weekly,2019-10-30,2019-10-28,2019-11-01
47,evil inc - weekly - 2019-11-01,evil inc,weekly,2019-10-30,2019-10-28,2019-11-01
48,evil inc - weekly - 2019-11-08,evil inc,weekly,2019-11-06,2019-11-04,2019-11-08
49,evil inc - weekly - 2019-11-08,evil inc,weekly,2019-11-06,2019-11-04,2019-11-08
50,evil inc - weekly - 2019-11-08,evil inc,weekly,2019-11-06,2019-11-04,2019-11-08
51,evil inc - weekly - 2019-11-08,evil inc,weekly,2019-11-06,2019-11-04,2019-11-08
52,evil inc - weekly - 2019-11-08,evil inc,weekly,2019-11-06,2019-11-04,2019-11-08
53,evil inc - weekly - 2019-11-08,evil inc,weekly,2019-11-06,2019-11-04,2019-11-08
54,evil inc - weekly - 2019-11-15,evil inc,weekly,2019-11-13,2019-11-11,2019-11-15
55,evil inc - weekly - 2019-11-15,evil inc,weekly,2019-11-13,2019-11-11,2019-11-15
56,evil inc - weekly - 2019-11-15,evil inc,weekly,2019-11-13,2019-11-11,2019-11-15
57,evil inc - weekly - 2019-11-15,evil inc,weekly,2019-11-13,2019-11-11,2019-11-15
58,evil inc - weekly - 2019-11-15,evil inc,weekly,2019-11-13,2019-11-11,2019-11-15
59,evil inc - weekly - 2019-11-15,evil inc,weekly,2019-11-13,2019-11-11,2019-11-15
60,evil inc - weekly - 2019-11-22,evil inc,weekly,2019-11-20,2019-11-18,2019-11-22
61,evil inc - weekly - 2019-11-22,evil inc,weekly,2019-11-20,2019-11-18,2019-11-22
62,evil inc - weekly - 2019-11-22,evil inc,weekly,2019-11-20,2019-11-18,2019-11-22
63,evil inc - weekly - 2019-11-22,evil inc,weekly,2019-11-20,2019-11-18,2019-11-22
64,evil inc - weekly - 2019-11-22,evil inc,weekly,2019-11-20,2019-11-18,2019-11-22
65,evil inc - weekly - 2019-11-22,evil inc,weekly,2019-11-20,2019-11-18,2019-11-22
66,evil inc - weekly - 2019-11-29,evil inc,weekly,2019-11-27,2019-11-25,2019-11-29
67,evil inc - weekly - 2019-11-29,evil inc,weekly,2019-11-27,2019-11-25,2019-11-29
68,evil inc - weekly - 2019-11-29,evil inc,weekly,2019-11-27,2019-11-25,2019-11-29
69,evil inc - weekly - 2019-11-29,evil inc,weekly,2019-11-27,2019-11-25,2019-11-29
70,evil inc - weekly - 2019-11-29,evil inc,weekly,2019-11-27,2019-11-25,2019-11-29
71,evil inc - weekly - 2019-11-29,evil inc,weekly,2019-11-27,2019-11-25,2019-11-29
72,evil inc - weekly - 2019-12-06,evil inc,weekly,2019-12-04,2019-12-02,2019-12-06
73,evil inc - weekly - 2019-12-06,evil inc,weekly,2019-12-04,2019-12-02,2019-12-06
74,evil inc - weekly - 2019-12-06,evil inc,weekly,2019-12-04,2019-12-02,2019-12-06
75,evil inc - weekly - 2019-12-06,evil inc,weekly,2019-12-04,2019-12-02,2019-12-06
76,evil inc - weekly - 2019-12-06,evil inc,weekly,2019-12-04,2019-12-02,2019-12-06
77,evil inc - weekly - 2019-12-06,evil inc,weekly,2019-12-04,2019-12-02,2019-12-06
78,evil inc - weekly - 2019-12-13,evil inc,weekly,2019-12-11,2019-12-09,2019-12-13
79,evil inc - weekly - 2019-12-13,evil inc,weekly,2019-12-11,2019-12-09,2019-12-13
80,evil inc - weekly - 2019-12-13,evil inc,weekly,2019-12-11,2019-12-09,2019-12-13
81,evil inc - weekly - 2019-12-13,evil inc,weekly,2019-12-11,2019-12-09,2019-12-13
82,evil inc - weekly - 2019-12-13,evil inc,weekly,2019-12-11,2019-12-09,2019-12-13
83,evil inc - weekly - 2019-12-13,evil inc,weekly,2019-12-11,2019-12-09,2019-12-13
84,evil inc - weekly - 2019-12-20,evil inc,weekly,2019-12-18,2019-12-16,2019-12-20
85,evil inc - weekly - 2019-12-20,evil inc,weekly,2019-12-18,2019-12-16,2019-12-20
86,evil inc - weekly - 2019-12-20,evil inc,weekly,2019-12-18,2019-12-16,2019-12-20
87,evil inc - weekly - 2019-12-20,evil inc,weekly,2019-12-18,2019-12-16,2019-12-20
88,evil inc - weekly - 2019-12-20,evil inc,weekly,2019-12-18,2019-12-16,2019-12-20
89,evil inc - weekly - 2019-12-20,evil inc,weekly,2019-12-18,2019-12-16,2019-12-20
90,evil inc - weekly - 2019-12-27,evil inc,weekly,2019-12-25,2019-12-23,2019-12-27
91,evil inc - weekly - 2019-12-27,evil inc,weekly,2019-12-25,2019-12-23,2019-12-27
92,evil inc - weekly - 2019-12-27,evil inc,weekly,2019-12-25,2019-12-23,2019-12-27
93,evil inc - weekly - 2019-12-27,evil inc,weekly,2019-12-25,2019-12-23,2019-12-27
94,evil inc - weekly - 2019-12-27,evil inc,weekly,2019-12-25,2019-12-23,2019-12-27
95,evil inc - weekly - 2019-12-27,evil inc,weekly,2019-12-25,2019-12-23,2019-12-27
96,evil inc - weekly - 2020-01-03,evil inc,weekly,2020-01-01,2019-12-30,2020-01-03
97,evil inc - weekly - 2020-01-03,evil inc,weekly,2020-01-01,2019-12-30,2020-01-03
98,evil inc - weekly - 2020-01-03,evil inc,weekly,2020-01-01,2019-12-30,2020-01-03
99,evil inc - weekly - 2020-01-03,evil inc,weekly,2020-01-01,2019-12-30,2020-01-03
100,evil inc - weekly - 2020-01-03,evil inc,weekly,2020-01-01,2019-12-30,2020-01-03
101,evil inc - weekly - 2020-01-03,evil inc,weekly,2020-01-01,2019-12-30,2020-01-03
102,evil inc - weekly - 2020-01-10,evil inc,weekly,2020-01-08,2020-01-06,2020-01-10
103,evil inc - weekly - 2020-01-10,evil inc,weekly,2020-01-08,2020-01-06,2020-01-10
104,evil inc - weekly - 2020-01-10,evil inc,weekly,2020-01-08,2020-01-06,2020-01-10
105,evil inc - weekly - 2020-01-10,evil inc,weekly,2020-01-08,2020-01-06,2020-01-10
106,evil inc - weekly - 2020-01-10,evil inc,weekly,2020-01-08,2020-01-06,2020-01-10
107,evil inc - weekly - 2020-01-10,evil inc,weekly,2020-01-08,2020-01-06,2020-01-10
108,evil inc - weekly - 2020-01-17,evil inc,weekly,2020-01-15,2020-01-13,2020-01-17
109,evil inc - weekly - 2020-01-17,evil inc,weekly,2020-01-15,2020-01-13,2020-01-17
110,evil inc - weekly - 2020-01-17,evil inc,weekly,2020-01-15,2020-01-13,2020-01-17
111,evil inc - weekly - 2020-01-17,evil inc,weekly,2020-01-15,2020-01-13,2020-01-17
112,evil inc - weekly - 2020-01-17,evil inc,weekly,2020-01-15,2020-01-13,2020-01-17
113,evil inc - weekly - 2020-01-17,evil inc,weekly,2020-01-15,2020-01-13,2020-01-17
114,evil inc - weekly - 2020-01-24,evil inc,weekly,2020-01-22,2020-01-20,2020-01-24
115,evil inc - weekly - 2020-01-24,evil inc,weekly,2020-01-22,2020-01-20,2020-01-24
116,evil inc - weekly - 2020-01-24,evil inc,weekly,2020-01-22,2020-01-20,2020-01-24
117,evil inc - weekly - 2020-01-24,evil inc,weekly,2020-01-22,2020-01-20,2020-01-24
118,evil inc - weekly - 2020-01-24,evil inc,weekly,2020-01-22,2020-01-20,2020-01-24
119,evil inc - weekly - 2020-01-24,evil inc,weekly,2020-01-22,2020-01-20,2020-01-24
120,evil inc - weekly - 2020-01-31,evil inc,weekly,2020-01-29,2020-01-27,2020-01-31
121,evil inc - weekly - 2020-01-31,evil inc,weekly,2020-01-29,2020-01-27,2020-01-31
122,evil inc - weekly - 2020-01-31,evil inc,weekly,2020-01-29,2020-01-27,2020-01-31
123,evil inc - weekly - 2020-01-31,evil inc,weekly,2020-01-29,2020-01-27,2020-01-31
124,evil inc - weekly - 2020-01-31,evil inc,weekly,2020-01-29,2020-01-27,2020-01-31
125,evil inc - weekly - 2020-01-31,evil inc,weekly,2020-01-29,2020-01-27,2020-01-31
126,evil inc - weekly - 2020-02-07,evil inc,weekly,2020-02-05,2020-02-03,2020-02-07
127,evil inc - weekly - 2020-02-07,evil inc,weekly,2020-02-05,2020-02-03,2020-02-07
128,evil inc - weekly - 2020-02-07,evil inc,weekly,2020-02-05,2020-02-03,2020-02-07
129,evil inc - weekly - 2020-02-07,evil inc,weekly,2020-02-05,2020-02-03,2020-02-07
130,evil inc - weekly - 2020-02-07,evil inc,weekly,2020-02-05,2020-02-03,2020-02-07
131,evil inc - weekly - 2020-02-07,evil inc,weekly,2020-02-05,2020-02-03,2020-02-07
132,evil inc - weekly - 2020-02-14,evil inc,weekly,2020-02-12,2020-02-10,2020-02-14
133,evil inc - weekly - 2020-02-14,evil inc,weekly,2020-02-12,2020-02-10,2020-02-14
134,evil inc - weekly - 2020-02-14,evil inc,weekly,2020-02-12,2020-02-10,2020-02-14
135,evil inc - weekly - 2020-02-14,evil inc,weekly,2020-02-12,2020-02-10,2020-02-14
136,evil inc - weekly - 2020-02-14,evil inc,weekly,2020-02-12,2020-02-10,2020-02-14
137,evil inc - weekly - 2020-02-14,evil inc,weekly,2020-02-12,2020-02-10,2020-02-14
138,evil inc - weekly - 2020-02-21,evil inc,weekly,2020-02-19,2020-02-17,2020-02-21
139,evil inc - weekly - 2020-02-21,evil inc,weekly,2020-02-19,2020-02-17,2020-02-21
140,evil inc - weekly - 2020-02-21,evil inc,weekly,2020-02-19,2020-02-17,2020-02-21
141,evil inc - weekly - 2020-02-21,evil inc,weekly,2020-02-19,2020-02-17,2020-02-21
142,evil inc - weekly - 2020-02-21,evil inc,weekly,2020-02-19,2020-02-17,2020-02-21
143,evil inc - weekly - 2020-02-21,evil inc,weekly,2020-02-19,2020-02-17,2020-02-21
144,evil inc - weekly - 2020-02-28,evil inc,weekly,2020-02-26,2020-02-24,2020-02-28
145,evil inc - weekly - 2020-02-28,evil inc,weekly,2020-02-26,2020-02-24,2020-02-28
146,evil inc - weekly - 2020-02-28,evil inc,weekly,2020-02-26,2020-02-24,2020-02-28
147,evil inc - weekly - 2020-02-28,evil inc,weekly,2020-02-26,2020-02-24,2020-02-28
148,evil inc - weekly - 2020-02-28,evil inc,weekly,2020-02-26,2020-02-24,2020-02-28
149,evil inc - weekly - 2020-02-28,evil inc,weekly,2020-02-26,2020-02-24,2020-02-28
150,evil inc - weekly - 2020-03-06,evil inc,weekly,2020-03-04,2020-03-02,2020-03-06
151,evil inc - weekly - 2020-03-06,evil inc,weekly,2020-03-04,2020-03-02,2020-03-06
152,evil inc - weekly - 2020-03-06,evil inc,weekly,2020-03-04,2020-03-02,2020-03-06
153,evil inc - weekly - 2020-03-06,evil inc,weekly,2020-03-04,2020-03-02,2020-03-06
154,evil inc - weekly - 2020-03-06,evil inc,weekly,2020-03-04,2020-03-02,2020-03-06
155,evil inc - weekly - 2020-03-06,evil inc,weekly,2020-03-04,2020-03-02,2020-03-06
156,evil inc - weekly - 2020-03-13,evil inc,weekly,2020-03-11,2020-03-09,2020-03-13
157,evil inc - weekly - 2020-03-13,evil inc,weekly,2020-03-11,2020-03-09,2020-03-13
158,evil inc - weekly - 2020-03-13,evil inc,weekly,2020-03-11,2020-03-09,2020-03-13
159,evil inc - weekly - 2020-03-13,evil inc,weekly,2020-03-11,2020-03-09,2020-03-13
160,evil inc - weekly - 2020-03-13,evil inc,weekly,2020-03-11,2020-03-09,2020-03-13
161,evil inc - weekly - 2020-03-13,evil inc,weekly,2020-03-11,2020-03-09,2020-03-13
162,evil inc - weekly - 2020-03-20,evil inc,weekly,2020-03-18,2020-03-16,2020-03-20
163,evil inc - weekly - 2020-03-20,evil inc,weekly,2020-03-18,2020-03-16,2020-03-20
164,evil inc - weekly - 2020-03-20,evil inc,weekly,2020-03-18,2020-03-16,2020-03-20
165,evil inc - weekly - 2020-03-20,evil inc,weekly,2020-03-18,2020-03-16,2020-03-20
166,evil inc - weekly - 2020-03-20,evil inc,weekly,2020-03-18,2020-03-16,2020-03-20
167,evil inc - weekly - 2020-03-20,evil inc,weekly,2020-03-18,2020-03-16,2020-03-20
168,evil inc - weekly - 2020-03-27,evil inc,weekly,2020-03-25,2020-03-23,2020-03-27
169,evil inc - weekly - 2020-03-27,evil inc,weekly,2020-03-25,2020-03-23,2020-03-27
170,evil inc - weekly - 2020-03-27,evil inc,weekly,2020-03-25,2020-03-23,2020-03-27
171,evil inc - weekly - 2020-03-27,evil inc,weekly,2020-03-25,2020-03-23,2020-03-27
172,evil inc - weekly - 2020-03-27,evil inc,weekly,2020-03-25,2020-03-23,2020-03-27
173,evil inc - weekly - 2020-03-27,evil inc,weekly,2020-03-25,2020-03-23,2020-03-27
174,evil inc - weekly - 2020-04-03,evil inc,weekly,2020-04-01,2020-03-30,2020-04-03
175,evil inc - weekly - 2020-04-03,evil inc,weekly,2020-04-01,2020-03-30,2020-04-03
176,evil inc - weekly - 2020-04-03,evil inc,weekly,2020-04-01,2020-03-30,2020-04-03
177,evil inc - weekly - 2020-04-03,evil inc,weekly,2020-04-01,2020-03-30,2020-04-03
178,evil inc - weekly - 2020-04-03,evil inc,weekly,2020-04-01,2020-03-30,2020-04-03
179,evil inc - weekly - 2020-04-03,evil inc,weekly,2020-04-01,2020-03-30,2020-04-03
180,evil inc - weekly - 2020-04-10,evil inc,weekly,2020-04-08,2020-04-06,2020-04-10
181,evil inc - weekly - 2020-04-10,evil inc,weekly,2020-04-08,2020-04-06,2020-04-10
182,evil inc - weekly - 2020-04-10,evil inc,weekly,2020-04-08,2020-04-06,2020-04-10
183,evil inc - weekly - 2020-04-10,evil inc,weekly,2020-04-08,2020-04-06,2020-04-10
184,evil inc - weekly - 2020-04-10,evil inc,weekly,2020-04-08,2020-04-06,2020-04-10
185,evil inc - weekly - 2020-04-10,evil inc,weekly,2020-04-08,2020-04-06,2020-04-10
186,evil inc - weekly - 2020-04-17,evil inc,weekly,2020-04-15,2020-04-13,2020-04-17
187,evil inc - weekly - 2020-04-17,evil inc,weekly,2020-04-15,2020-04-13,2020-04-17
188,evil inc - weekly - 2020-04-17,evil inc,weekly,2020-04-15,2020-04-13,2020-04-17
189,evil inc - weekly - 2020-04-17,evil inc,weekly,2020-04-15,2020-04-13,2020-04-17
190,evil inc - weekly - 2020-04-17,evil inc,weekly,2020-04-15,2020-04-13,2020-04-17
191,evil inc - weekly - 2020-04-17,evil inc,weekly,2020-04-15,2020-04-13,2020-04-17
192,evil inc - weekly - 2020-04-24,evil inc,weekly,2020-04-22,2020-04-20,2020-04-24
193,evil inc - weekly - 2020-04-24,evil inc,weekly,2020-04-22,2020-04-20,2020-04-24
194,evil inc - weekly - 2020-04-24,evil inc,weekly,2020-04-22,2020-04-20,2020-04-24
195,evil inc - weekly - 2020-04-24,evil inc,weekly,2020-04-22,2020-04-20,2020-04-24
196,evil inc - weekly - 2020-04-24,evil inc,weekly,2020-04-22,2020-04-20,2020-04-24
197,evil inc - weekly - 2020-04-24,evil inc,weekly,2020-04-22,2020-04-20,2020-04-24
198,evil inc - weekly - 2020-05-01,evil inc,weekly,2020-04-29,2020-04-27,2020-05-01
199,evil inc - weekly - 2020-05-01,evil inc,weekly,2020-04-29,2020-04-27,2020-05-01
200,evil inc - weekly - 2020-05-01,evil inc,weekly,2020-04-29,2020-04-27,2020-05-01
201,evil inc - weekly - 2020-05-01,evil inc,weekly,2020-04-29,2020-04-27,2020-05-01
202,evil inc - weekly - 2020-05-01,evil inc,weekly,2020-04-29,2020-04-27,2020-05-01
203,evil inc - weekly - 2020-05-01,evil inc,weekly,2020-04-29,2020-04-27,2020-05-01
204,evil inc - weekly - 2020-05-08,evil inc,weekly,2020-05-06,2020-05-04,2020-05-08
205,evil inc - weekly - 2020-05-08,evil inc,weekly,2020-05-06,2020-05-04,2020-05-08
206,evil inc - weekly - 2020-05-08,evil inc,weekly,2020-05-06,2020-05-04,2020-05-08
207,evil inc - weekly - 2020-05-08,evil inc,weekly,2020-05-06,2020-05-04,2020-05-08
208,evil inc - weekly - 2020-05-08,evil inc,weekly,2020-05-06,2020-05-04,2020-05-08
209,evil inc - weekly - 2020-05-08,evil inc,weekly,2020-05-06,2020-05-04,2020-05-08
210,evil inc - weekly - 2020-05-15,evil inc,weekly,2020-05-13,2020-05-11,2020-05-15
211,evil inc - weekly - 2020-05-15,evil inc,weekly,2020-05-13,2020-05-11,2020-05-15
212,evil inc - weekly - 2020-05-15,evil inc,weekly,2020-05-13,2020-05-11,2020-05-15
213,evil inc - weekly - 2020-05-15,evil inc,weekly,2020-05-13,2020-05-11,2020-05-15
214,evil inc - weekly - 2020-05-15,evil inc,weekly,2020-05-13,2020-05-11,2020-05-15
215,evil inc - weekly - 2020-05-15,evil inc,weekly,2020-05-13,2020-05-11,2020-05-15
216,evil inc - weekly - 2020-05-22,evil inc,weekly,2020-05-20,2020-05-18,2020-05-22
217,evil inc - weekly - 2020-05-22,evil inc,weekly,2020-05-20,2020-05-18,2020-05-22
218,evil inc - weekly - 2020-05-22,evil inc,weekly,2020-05-20,2020-05-18,2020-05-22
219,evil inc - weekly - 2020-05-22,evil inc,weekly,2020-05-20,2020-05-18,2020-05-22
220,evil inc - weekly - 2020-05-22,evil inc,weekly,2020-05-20,2020-05-18,2020-05-22
221,evil inc - weekly - 2020-05-22,evil inc,weekly,2020-05-20,2020-05-18,2020-05-22
222,evil inc - weekly - 2020-05-29,evil inc,weekly,2020-05-27,2020-05-25,2020-05-29
223,evil inc - weekly - 2020-05-29,evil inc,weekly,2020-05-27,2020-05-25,2020-05-29
224,evil inc - weekly - 2020-05-29,evil inc,weekly,2020-05-27,2020-05-25,2020-05-29
225,evil inc - weekly - 2020-05-29,evil inc,weekly,2020-05-27,2020-05-25,2020-05-29
226,evil inc - weekly - 2020-05-29,evil inc,weekly,2020-05-27,2020-05-25,2020-05-29
227,evil inc - weekly - 2020-05-29,evil inc,weekly,2020-05-27,2020-05-25,2020-05-29
228,evil inc - weekly - 2020-06-05,evil inc,weekly,2020-06-03,2020-06-01,2020-06-05
229,evil inc - weekly - 2020-06-05,evil inc,weekly,2020-06-03,2020-06-01,2020-06-05
230,evil inc - weekly - 2020-06-05,evil inc,weekly,2020-06-03,2020-06-01,2020-06-05
231,evil inc - weekly - 2020-06-05,evil inc,weekly,2020-06-03,2020-06-01,2020-06-05
232,evil inc - weekly - 2020-06-05,evil inc,weekly,2020-06-03,2020-06-01,2020-06-05
233,evil inc - weekly - 2020-06-05,evil inc,weekly,2020-06-03,2020-06-01,2020-06-05
234,evil inc - weekly - 2020-06-12,evil inc,weekly,2020-06-10,2020-06-08,2020-06-12
235,evil inc - weekly - 2020-06-12,evil inc,weekly,2020-06-10,2020-06-08,2020-06-12
236,evil inc - weekly - 2020-06-12,evil inc,weekly,2020-06-10,2020-06-08,2020-06-12
237,evil inc - weekly - 2020-06-12,evil inc,weekly,2020-06-10,2020-06-08,2020-06-12
238,evil inc - weekly - 2020-06-12,evil inc,weekly,2020-06-10,2020-06-08,2020-06-12
239,evil inc - weekly - 2020-06-12,evil inc,weekly,2020-06-10,2020-06-08,2020-06-12
240,evil inc - weekly - 2020-06-19,evil inc,weekly,2020-06-17,2020-06-15,2020-06-19
241,evil inc - weekly - 2020-06-19,evil inc,weekly,2020-06-17,2020-06-15,2020-06-19
242,evil inc - weekly - 2020-06-19,evil inc,weekly,2020-06-17,2020-06-15,2020-06-19
243,evil inc - weekly - 2020-06-19,evil inc,weekly,2020-06-17,2020-06-15,2020-06-19
244,evil inc - weekly - 2020-06-19,evil inc,weekly,2020-06-17,2020-06-15,2020-06-19
245,evil inc - weekly - 2020-06-19,evil inc,weekly,2020-06-17,2020-06-15,2020-06-19
246,evil inc - weekly - 2020-06-26,evil inc,weekly,2020-06-24,2020-06-22,2020-06-26
247,evil inc - weekly - 2020-06-26,evil inc,weekly,2020-06-24,2020-06-22,2020-06-26
248,evil inc - weekly - 2020-06-26,evil inc,weekly,2020-06-24,2020-06-22,2020-06-26
249,evil inc - weekly - 2020-06-26,evil inc,weekly,2020-06-24,2020-06-22,2020-06-26
250,evil inc - weekly - 2020-06-26,evil inc,weekly,2020-06-24,2020-06-22,2020-06-26
251,evil inc - weekly - 2020-06-26,evil inc,weekly,2020-06-24,2020-06-22,2020-06-26
252,evil inc - weekly - 2020-07-03,evil inc,weekly,2020-07-01,2020-06-29,2020-07-03
253,evil inc - weekly - 2020-07-03,evil inc,weekly,2020-07-01,2020-06-29,2020-07-03
254,evil inc - weekly - 2020-07-03,evil inc,weekly,2020-07-01,2020-06-29,2020-07-03
255,evil inc - weekly - 2020-07-03,evil inc,weekly,2020-07-01,2020-06-29,2020-07-03
256,evil inc - weekly - 2020-07-03,evil inc,weekly,2020-07-01,2020-06-29,2020-07-03
257,evil inc - weekly - 2020-07-03,evil inc,weekly,2020-07-01,2020-06-29,2020-07-03
258,evil inc - weekly - 2020-07-10,evil inc,weekly,2020-07-08,2020-07-06,2020-07-10
259,evil inc - weekly - 2020-07-10,evil inc,weekly,2020-07-08,2020-07-06,2020-07-10
260,evil inc - weekly - 2020-07-10,evil inc,weekly,2020-07-08,2020-07-06,2020-07-10
261,evil inc - weekly - 2020-07-10,evil inc,weekly,2020-07-08,2020-07-06,2020-07-10
262,evil inc - weekly - 2020-07-10,evil inc,weekly,2020-07-08,2020-07-06,2020-07-10
263,evil inc - weekly - 2020-07-10,evil inc,weekly,2020-07-08,2020-07-06,2020-07-10
264,evil inc - weekly - 2020-07-17,evil inc,weekly,2020-07-15,2020-07-13,2020-07-17
265,evil inc - weekly - 2020-07-17,evil inc,weekly,2020-07-15,2020-07-13,2020-07-17
266,evil inc - weekly - 2020-07-17,evil inc,weekly,2020-07-15,2020-07-13,2020-07-17
267,evil inc - weekly - 2020-07-17,evil inc,weekly,2020-07-15,2020-07-13,2020-07-17
268,evil inc - weekly - 2020-07-17,evil inc,weekly,2020-07-15,2020-07-13,2020-07-17
269,evil inc - weekly - 2020-07-17,evil inc,weekly,2020-07-15,2020-07-13,2020-07-17
270,evil inc - weekly - 2020-07-24,evil inc,weekly,2020-07-22,2020-07-20,2020-07-24
271,evil inc - weekly - 2020-07-24,evil inc,weekly,2020-07-22,2020-07-20,2020-07-24
272,evil inc - weekly - 2020-07-24,evil inc,weekly,2020-07-22,2020-07-20,2020-07-24
273,evil inc - weekly - 2020-07-24,evil inc,weekly,2020-07-22,2020-07-20,2020-07-24
274,evil inc - weekly - 2020-07-24,evil inc,weekly,2020-07-22,2020-07-20,2020-07-24
275,evil inc - weekly - 2020-07-24,evil inc,weekly,2020-07-22,2020-07-20,2020-07-24
276,evil inc - weekly - 2020-07-31,evil inc,weekly,2020-07-29,2020-07-27,2020-07-31
277,evil inc - weekly - 2020-07-31,evil inc,weekly,2020-07-29,2020-07-27,2020-07-31
278,evil inc - weekly - 2020-07-31,evil inc,weekly,2020-07-29,2020-07-27,2020-07-31
279,evil inc - weekly - 2020-07-31,evil inc,weekly,2020-07-29,2020-07-27,2020-07-31
280,evil inc - weekly - 2020-07-31,evil inc,weekly,2020-07-29,2020-07-27,2020-07-31
281,evil inc - weekly - 2020-07-31,evil inc,weekly,2020-07-29,2020-07-27,2020-07-31
282,evil inc - weekly - 2020-08-07,evil inc,weekly,2020-08-05,2020-08-03,2020-08-07
283,evil inc - weekly - 2020-08-07,evil inc,weekly,2020-08-05,2020-08-03,2020-08-07
284,evil inc - weekly - 2020-08-07,evil inc,weekly,2020-08-05,2020-08-03,2020-08-07
285,evil inc - weekly - 2020-08-07,evil inc,weekly,2020-08-05,2020-08-03,2020-08-07
286,evil inc - weekly - 2020-08-07,evil inc,weekly,2020-08-05,2020-08-03,2020-08-07
287,evil inc - weekly - 2020-08-07,evil inc,weekly,2020-08-05,2020-08-03,2020-08-07
288,evil inc - weekly - 2020-08-14,evil inc,weekly,2020-08-12,2020-08-10,2020-08-14
289,evil inc - weekly - 2020-08-14,evil inc,weekly,2020-08-12,2020-08-10,2020-08-14
290,evil inc - weekly - 2020-08-14,evil inc,weekly,2020-08-12,2020-08-10,2020-08-14
291,evil inc - weekly - 2020-08-14,evil inc,weekly,2020-08-12,2020-08-10,2020-08-14
292,evil inc - weekly - 2020-08-14,evil inc,weekly,2020-08-12,2020-08-10,2020-08-14
293,evil inc - weekly - 2020-08-14,evil inc,weekly,2020-08-12,2020-08-10,2020-08-14
294,evil inc - weekly - 2020-08-21,evil inc,weekly,2020-08-19,2020-08-17,2020-08-21
295,evil inc - weekly - 2020-08-21,evil inc,weekly,2020-08-19,2020-08-17,2020-08-21
296,evil inc - weekly - 2020-08-21,evil inc,weekly,2020-08-19,2020-08-17,2020-08-21
297,evil inc - weekly - 2020-08-21,evil inc,weekly,2020-08-19,2020-08-17,2020-08-21
298,evil inc - weekly - 2020-08-21,evil inc,weekly,2020-08-19,2020-08-17,2020-08-21
299,evil inc - weekly - 2020-08-21,evil inc,weekly,2020-08-19,2020-08-17,2020-08-21
300,evil inc - weekly - 2020-08-28,evil inc,weekly,2020-08-26,2020-08-24,2020-08-28
301,evil inc - weekly - 2020-08-28,evil inc,weekly,2020-08-26,2020-08-24,2020-08-28
302,evil inc - weekly - 2020-08-28,evil inc,weekly,2020-08-26,2020-08-24,2020-08-28
303,evil inc - weekly - 2020-08-28,evil inc,weekly,2020-08-26,2020-08-24,2020-08-28
304,evil inc - weekly - 2020-08-28,evil inc,weekly,2020-08-26,2020-08-24,2020-08-28
305,evil inc - weekly - 2020-08-28,evil inc,weekly,2020-08-26,2020-08-24,2020-08-28
306,evil inc - weekly - 2020-09-04,evil inc,weekly,2020-09-02,2020-08-31,2020-09-04
307,evil inc - weekly - 2020-09-04,evil inc,weekly,2020-09-02,2020-08-31,2020-09-04
308,evil inc - weekly - 2020-09-04,evil inc,weekly,2020-09-02,2020-08-31,2020-09-04
309,evil inc - weekly - 2020-09-04,evil inc,weekly,2020-09-02,2020-08-31,2020-09-04
310,evil inc - weekly - 2020-09-04,evil inc,weekly,2020-09-02,2020-08-31,2020-09-04
311,evil inc - weekly - 2020-09-04,evil inc,weekly,2020-09-02,2020-08-31,2020-09-04
312,evil inc - weekly - 2020-09-11,evil inc,weekly,2020-09-09,2020-09-07,2020-09-11
313,evil inc - weekly - 2020-09-11,evil inc,weekly,2020-09-09,2020-09-07,2020-09-11
314,evil inc - weekly - 2020-09-11,evil inc,weekly,2020-09-09,2020-09-07,2020-09-11
315,evil inc - weekly - 2020-09-11,evil inc,weekly,2020-09-09,2020-09-07,2020-09-11
316,evil inc - weekly - 2020-09-11,evil inc,weekly,2020-09-09,2020-09-07,2020-09-11
317,evil inc - weekly - 2020-09-11,evil inc,weekly,2020-09-09,2020-09-07,2020-09-11
318,evil inc - weekly - 2020-09-18,evil inc,weekly,2020-09-16,2020-09-14,2020-09-18
319,evil inc - weekly - 2020-09-18,evil inc,weekly,2020-09-16,2020-09-14,2020-09-18
320,evil inc - weekly - 2020-09-18,evil inc,weekly,2020-09-16,2020-09-14,2020-09-18
321,evil inc - weekly - 2020-09-18,evil inc,weekly,2020-09-16,2020-09-14,2020-09-18
322,evil inc - weekly - 2020-09-18,evil inc,weekly,2020-09-16,2020-09-14,2020-09-18
323,evil inc - weekly - 2020-09-18,evil inc,weekly,2020-09-16,2020-09-14,2020-09-18
324,evil inc - weekly - 2020-09-25,evil inc,weekly,2020-09-23,2020-09-21,2020-09-25
325,evil inc - weekly - 2020-09-25,evil inc,weekly,2020-09-23,2020-09-21,2020-09-25
326,evil inc - weekly - 2020-09-25,evil inc,weekly,2020-09-23,2020-09-21,2020-09-25
327,evil inc - weekly - 2020-09-25,evil inc,weekly,2020-09-23,2020-09-21,2020-09-25
328,evil inc - weekly - 2020-09-25,evil inc,weekly,2020-09-23,2020-09-21,2020-09-25
329,evil inc - weekly - 2020-09-25,evil inc,weekly,2020-09-23,2020-09-21,2020-09-25
330,evil inc - weekly - 2020-10-02,evil inc,weekly,2020-09-30,2020-09-28,2020-10-02
331,evil inc - weekly - 2020-10-02,evil inc,weekly,2020-09-30,2020-09-28,2020-10-02
332,evil inc - weekly - 2020-10-02,evil inc,weekly,2020-09-30,2020-09-28,2020-10-02
333,evil inc - weekly - 2020-10-02,evil inc,weekly,2020-09-30,2020-09-28,2020-10-02
334,evil inc - weekly - 2020-10-02,evil inc,weekly,2020-09-30,2020-09-28,2020-10-02
335,evil inc - weekly - 2020-10-02,evil inc,weekly,2020-09-30,2020-09-28,2020-10-02
336,umbrella llc - montlhly - 2019-10-18,umbrella llc,montlhly,2019-10-15,2019-10-11,2019-10-18
337,umbrella llc - montlhly - 2019-11-18,umbrella llc,montlhly,2019-11-15,2019-11-12,2019-11-18
338,umbrella llc - montlhly - 2019-12-18,umbrella llc,montlhly,2019-12-13,2019-12-12,2019-12-18
339,umbrella llc - montlhly - 2020-01-17,umbrella llc,montlhly,2020-01-15,2020-01-10,2020-01-17
340,umbrella llc - montlhly - 2020-02-18,umbrella llc,montlhly,2020-02-14,2020-02-12,2020-02-18
341,umbrella llc - montlhly - 2020-03-18,umbrella llc,montlhly,2020-03-13,2020-03-12,2020-03-18
342,umbrella llc - montlhly - 2020-04-17,umbrella llc,montlhly,2020-04-15,2020-04-10,2020-04-17
343,umbrella llc - montlhly - 2020-05-18,umbrella llc,montlhly,2020-05-15,2020-05-12,2020-05-18
344,umbrella llc - montlhly - 2020-06-18,umbrella llc,montlhly,2020-06-15,2020-06-12,2020-06-18
345,umbrella llc - montlhly - 2020-07-17,umbrella llc,montlhly,2020-07-15,2020-07-10,2020-07-17
346,umbrella llc - montlhly - 2020-08-18,umbrella llc,montlhly,2020-08-14,2020-08-12,2020-08-18
347,umbrella llc - montlhly - 2020-09-18,umbrella llc,montlhly,2020-09-15,2020-09-11,2020-09-18
348,tyrell corp - monthly - 2019-10-30,tyrell corp,monthly,2019-10-28,2019-10-25,2019-10-30
349,tyrell corp - monthly - 2019-11-29,tyrell corp,monthly,2019-11-28,2019-11-25,2019-11-29
350,tyrell corp - monthly - 2019-12-30,tyrell corp,monthly,2019-12-27,2019-12-25,2019-12-30
351,tyrell corp - monthly - 2020-01-30,tyrell corp,monthly,2020-01-28,2020-01-24,2020-01-30
352,tyrell corp - monthly - 1941-12-05,tyrell corp,monthly,2020-02-28,2020-02-25,1941-12-05
353,tyrell corp - monthly - 1942-01-30,tyrell corp,monthly,2020-03-27,2020-03-25,1942-01-30
354,tyrell corp - monthly - 1941-12-05,tyrell corp,monthly,2020-04-28,2020-04-24,1941-12-05
355,tyrell corp - monthly - 1942-01-30,tyrell corp,monthly,2020-05-28,2020-05-25,1942-01-30
356,tyrell corp - monthly - 1941-12-05,tyrell corp,monthly,2020-06-26,2020-06-25,1941-12-05
357,tyrell corp - monthly - 1942-01-30,tyrell corp,monthly,2020-07-28,2020-07-24,1942-01-30
358,tyrell corp - monthly - 1941-12-05,tyrell corp,monthly,2020-08-28,2020-08-25,1941-12-05
359,tyrell corp - monthly - 1942-01-30,tyrell corp,monthly,2020-09-28,2020-09-25,1942-01-30
360,weyland yutani - weekly - 2019-10-11,weyland yutani,weekly,2019-10-11,2019-10-09,2019-10-11
361,weyland yutani - weekly - 2019-10-11,weyland yutani,weekly,2019-10-11,2019-10-09,2019-10-11
362,weyland yutani - weekly - 2019-10-11,weyland yutani,weekly,2019-10-11,2019-10-09,2019-10-11
363,weyland yutani - weekly - 2019-10-11,weyland yutani,weekly,2019-10-11,2019-10-09,2019-10-11
364,weyland yutani - weekly - 2019-10-11,weyland yutani,weekly,2019-10-11,2019-10-09,2019-10-11
365,weyland yutani - weekly - 2019-10-11,weyland yutani,weekly,2019-10-11,2019-10-09,2019-10-11
366,weyland yutani - weekly - 2019-10-18,weyland yutani,weekly,2019-10-18,2019-10-16,2019-10-18
367,weyland yutani - weekly - 2019-10-18,weyland yutani,weekly,2019-10-18,2019-10-16,2019-10-18
368,weyland yutani - weekly - 2019-10-18,weyland yutani,weekly,2019-10-18,2019-10-16,2019-10-18
369,weyland yutani - weekly - 2019-10-18,weyland yutani,weekly,2019-10-18,2019-10-16,2019-10-18
370,weyland yutani - weekly - 2019-10-18,weyland yutani,weekly,2019-10-18,2019-10-16,2019-10-18
371,weyland yutani - weekly - 2019-10-18,weyland yutani,weekly,2019-10-18,2019-10-16,2019-10-18
372,weyland yutani - weekly - 2019-10-25,weyland yutani,weekly,2019-10-25,2019-10-23,2019-10-25
373,weyland yutani - weekly - 2019-10-25,weyland yutani,weekly,2019-10-25,2019-10-23,2019-10-25
374,weyland yutani - weekly - 2019-10-25,weyland yutani,weekly,2019-10-25,2019-10-23,2019-10-25
375,weyland yutani - weekly - 2019-10-25,weyland yutani,weekly,2019-10-25,2019-10-23,2019-10-25
376,weyland yutani - weekly - 2019-10-25,weyland yutani,weekly,2019-10-25,2019-10-23,2019-10-25
377,weyland yutani - weekly - 2019-10-25,weyland yutani,weekly,2019-10-25,2019-10-23,2019-10-25
378,weyland yutani - weekly - 2019-11-01,weyland yutani,weekly,2019-11-01,2019-10-30,2019-11-01
379,weyland yutani - weekly - 2019-11-01,weyland yutani,weekly,2019-11-01,2019-10-30,2019-11-01
380,weyland yutani - weekly - 2019-11-01,weyland yutani,weekly,2019-11-01,2019-10-30,2019-11-01
381,weyland yutani - weekly - 2019-11-01,weyland yutani,weekly,2019-11-01,2019-10-30,2019-11-01
382,weyland yutani - weekly - 2019-11-01,weyland yutani,weekly,2019-11-01,2019-10-30,2019-11-01
383,weyland yutani - weekly - 2019-11-01,weyland yutani,weekly,2019-11-01,2019-10-30,2019-11-01
384,weyland yutani - weekly - 2019-11-08,weyland yutani,weekly,2019-11-08,2019-11-06,2019-11-08
385,weyland yutani - weekly - 2019-11-08,weyland yutani,weekly,2019-11-08,2019-11-06,2019-11-08
386,weyland yutani - weekly - 2019-11-08,weyland yutani,weekly,2019-11-08,2019-11-06,2019-11-08
387,weyland yutani - weekly - 2019-11-08,weyland yutani,weekly,2019-11-08,2019-11-06,2019-11-08
388,weyland yutani - weekly - 2019-11-08,weyland yutani,weekly,2019-11-08,2019-11-06,2019-11-08
389,weyland yutani - weekly - 2019-11-08,weyland yutani,weekly,2019-11-08,2019-11-06,2019-11-08
390,weyland yutani - weekly - 2019-11-15,weyland yutani,weekly,2019-11-15,2019-11-13,2019-11-15
391,weyland yutani - weekly - 2019-11-15,weyland yutani,weekly,2019-11-15,2019-11-13,2019-11-15
392,weyland yutani - weekly - 2019-11-15,weyland yutani,weekly,2019-11-15,2019-11-13,2019-11-15
393,weyland yutani - weekly - 2019-11-15,weyland yutani,weekly,2019-11-15,2019-11-13,2019-11-15
394,weyland yutani - weekly - 2019-11-15,weyland yutani,weekly,2019-11-15,2019-11-13,2019-11-15
395,weyland yutani - weekly - 2019-11-15,weyland yutani,weekly,2019-11-15,2019-11-13,2019-11-15
396,weyland yutani - weekly - 2019-11-22,weyland yutani,weekly,2019-11-22,2019-11-20,2019-11-22
397,weyland yutani - weekly - 2019-11-22,weyland yutani,weekly,2019-11-22,2019-11-20,2019-11-22
398,weyland yutani - weekly - 2019-11-22,weyland yutani,weekly,2019-11-22,2019-11-20,2019-11-22
399,weyland yutani - weekly - 2019-11-22,weyland yutani,weekly,2019-11-22,2019-11-20,2019-11-22
400,weyland yutani - weekly - 2019-11-22,weyland yutani,weekly,2019-11-22,2019-11-20,2019-11-22
401,weyland yutani - weekly - 2019-11-22,weyland yutani,weekly,2019-11-22,2019-11-20,2019-11-22
402,weyland yutani - weekly - 2019-11-29,weyland yutani,weekly,2019-11-29,2019-11-27,2019-11-29
403,weyland yutani - weekly - 2019-11-29,weyland yutani,weekly,2019-11-29,2019-11-27,2019-11-29
404,weyland yutani - weekly - 2019-11-29,weyland yutani,weekly,2019-11-29,2019-11-27,2019-11-29
405,weyland yutani - weekly - 2019-11-29,weyland yutani,weekly,2019-11-29,2019-11-27,2019-11-29
406,weyland yutani - weekly - 2019-11-29,weyland yutani,weekly,2019-11-29,2019-11-27,2019-11-29
407,weyland yutani - weekly - 2019-11-29,weyland yutani,weekly,2019-11-29,2019-11-27,2019-11-29
408,weyland yutani - weekly - 2019-12-06,weyland yutani,weekly,2019-12-06,2019-12-04,2019-12-06
409,weyland yutani - weekly - 2019-12-06,weyland yutani,weekly,2019-12-06,2019-12-04,2019-12-06
410,weyland yutani - weekly - 2019-12-06,weyland yutani,weekly,2019-12-06,2019-12-04,2019-12-06
411,weyland yutani - weekly - 2019-12-06,weyland yutani,weekly,2019-12-06,2019-12-04,2019-12-06
412,weyland yutani - weekly - 2019-12-06,weyland yutani,weekly,2019-12-06,2019-12-04,2019-12-06
413,weyland yutani - weekly - 2019-12-06,weyland yutani,weekly,2019-12-06,2019-12-04,2019-12-06
414,weyland yutani - weekly - 2019-12-13,weyland yutani,weekly,2019-12-13,2019-12-11,2019-12-13
415,weyland yutani - weekly - 2019-12-13,weyland yutani,weekly,2019-12-13,2019-12-11,2019-12-13
416,weyland yutani - weekly - 2019-12-13,weyland yutani,weekly,2019-12-13,2019-12-11,2019-12-13
417,weyland yutani - weekly - 2019-12-13,weyland yutani,weekly,2019-12-13,2019-12-11,2019-12-13
418,weyland yutani - weekly - 2019-12-13,weyland yutani,weekly,2019-12-13,2019-12-11,2019-12-13
419,weyland yutani - weekly - 2019-12-13,weyland yutani,weekly,2019-12-13,2019-12-11,2019-12-13
420,weyland yutani - weekly - 2019-12-20,weyland yutani,weekly,2019-12-20,2019-12-18,2019-12-20
421,weyland yutani - weekly - 2019-12-20,weyland yutani,weekly,2019-12-20,2019-12-18,2019-12-20
422,weyland yutani - weekly - 2019-12-20,weyland yutani,weekly,2019-12-20,2019-12-18,2019-12-20
423,weyland yutani - weekly - 2019-12-20,weyland yutani,weekly,2019-12-20,2019-12-18,2019-12-20
424,weyland yutani - weekly - 2019-12-20,weyland yutani,weekly,2019-12-20,2019-12-18,2019-12-20
425,weyland yutani - weekly - 2019-12-20,weyland yutani,weekly,2019-12-20,2019-12-18,2019-12-20
426,weyland yutani - weekly - 2019-12-27,weyland yutani,weekly,2019-12-27,2019-12-25,2019-12-27
427,weyland yutani - weekly - 2019-12-27,weyland yutani,weekly,2019-12-27,2019-12-25,2019-12-27
428,weyland yutani - weekly - 2019-12-27,weyland yutani,weekly,2019-12-27,2019-12-25,2019-12-27
429,weyland yutani - weekly - 2019-12-27,weyland yutani,weekly,2019-12-27,2019-12-25,2019-12-27
430,weyland yutani - weekly - 2019-12-27,weyland yutani,weekly,2019-12-27,2019-12-25,2019-12-27
431,weyland yutani - weekly - 2019-12-27,weyland yutani,weekly,2019-12-27,2019-12-25,2019-12-27
432,weyland yutani - weekly - 2020-01-03,weyland yutani,weekly,2020-01-03,2020-01-01,2020-01-03
433,weyland yutani - weekly - 2020-01-03,weyland yutani,weekly,2020-01-03,2020-01-01,2020-01-03
434,weyland yutani - weekly - 2020-01-03,weyland yutani,weekly,2020-01-03,2020-01-01,2020-01-03
435,weyland yutani - weekly - 2020-01-03,weyland yutani,weekly,2020-01-03,2020-01-01,2020-01-03
436,weyland yutani - weekly - 2020-01-03,weyland yutani,weekly,2020-01-03,2020-01-01,2020-01-03
437,weyland yutani - weekly - 2020-01-03,weyland yutani,weekly,2020-01-03,2020-01-01,2020-01-03
438,weyland yutani - weekly - 2020-01-10,weyland yutani,weekly,2020-01-10,2020-01-08,2020-01-10
439,weyland yutani - weekly - 2020-01-10,weyland yutani,weekly,2020-01-10,2020-01-08,2020-01-10
440,weyland yutani - weekly - 2020-01-10,weyland yutani,weekly,2020-01-10,2020-01-08,2020-01-10
441,weyland yutani - weekly - 2020-01-10,weyland yutani,weekly,2020-01-10,2020-01-08,2020-01-10
442,weyland yutani - weekly - 2020-01-10,weyland yutani,weekly,2020-01-10,2020-01-08,2020-01-10
443,weyland yutani - weekly - 2020-01-10,weyland yutani,weekly,2020-01-10,2020-01-08,2020-01-10
444,weyland yutani - weekly - 2020-01-17,weyland yutani,weekly,2020-01-17,2020-01-15,2020-01-17
445,weyland yutani - weekly - 2020-01-17,weyland yutani,weekly,2020-01-17,2020-01-15,2020-01-17
446,weyland yutani - weekly - 2020-01-17,weyland yutani,weekly,2020-01-17,2020-01-15,2020-01-17
447,weyland yutani - weekly - 2020-01-17,weyland yutani,weekly,2020-01-17,2020-01-15,2020-01-17
448,weyland yutani - weekly - 2020-01-17,weyland yutani,weekly,2020-01-17,2020-01-15,2020-01-17
449,weyland yutani - weekly - 2020-01-17,weyland yutani,weekly,2020-01-17,2020-01-15,2020-01-17
450,weyland yutani - weekly - 2020-01-24,weyland yutani,weekly,2020-01-24,2020-01-22,2020-01-24
451,weyland yutani - weekly - 2020-01-24,weyland yutani,weekly,2020-01-24,2020-01-22,2020-01-24
452,weyland yutani - weekly - 2020-01-24,weyland yutani,weekly,2020-01-24,2020-01-22,2020-01-24
453,weyland yutani - weekly - 2020-01-24,weyland yutani,weekly,2020-01-24,2020-01-22,2020-01-24
454,weyland yutani - weekly - 2020-01-24,weyland yutani,weekly,2020-01-24,2020-01-22,2020-01-24
455,weyland yutani - weekly - 2020-01-24,weyland yutani,weekly,2020-01-24,2020-01-22,2020-01-24
456,weyland yutani - weekly - 2020-01-31,weyland yutani,weekly,2020-01-31,2020-01-29,2020-01-31
457,weyland yutani - weekly - 2020-01-31,weyland yutani,weekly,2020-01-31,2020-01-29,2020-01-31
458,weyland yutani - weekly - 2020-01-31,weyland yutani,weekly,2020-01-31,2020-01-29,2020-01-31
459,weyland yutani - weekly - 2020-01-31,weyland yutani,weekly,2020-01-31,2020-01-29,2020-01-31
460,weyland yutani - weekly - 2020-01-31,weyland yutani,weekly,2020-01-31,2020-01-29,2020-01-31
461,weyland yutani - weekly - 2020-01-31,weyland yutani,weekly,2020-01-31,2020-01-29,2020-01-31
462,weyland yutani - weekly - 2020-02-07,weyland yutani,weekly,2020-02-07,2020-02-05,2020-02-07
463,weyland yutani - weekly - 2020-02-07,weyland yutani,weekly,2020-02-07,2020-02-05,2020-02-07
464,weyland yutani - weekly - 2020-02-07,weyland yutani,weekly,2020-02-07,2020-02-05,2020-02-07
465,weyland yutani - weekly - 2020-02-07,weyland yutani,weekly,2020-02-07,2020-02-05,2020-02-07
466,weyland yutani - weekly - 2020-02-07,weyland yutani,weekly,2020-02-07,2020-02-05,2020-02-07
467,weyland yutani - weekly - 2020-02-07,weyland yutani,weekly,2020-02-07,2020-02-05,2020-02-07
468,weyland yutani - weekly - 2020-02-14,weyland yutani,weekly,2020-02-14,2020-02-12,2020-02-14
469,weyland yutani - weekly - 2020-02-14,weyland yutani,weekly,2020-02-14,2020-02-12,2020-02-14
470,weyland yutani - weekly - 2020-02-14,weyland yutani,weekly,2020-02-14,2020-02-12,2020-02-14
471,weyland yutani - weekly - 2020-02-14,weyland yutani,weekly,2020-02-14,2020-02-12,2020-02-14
472,weyland yutani - weekly - 2020-02-14,weyland yutani,weekly,2020-02-14,2020-02-12,2020-02-14
473,weyland yutani - weekly - 2020-02-14,weyland yutani,weekly,2020-02-14,2020-02-12,2020-02-14
474,weyland yutani - weekly - 2020-02-21,weyland yutani,weekly,2020-02-21,2020-02-19,2020-02-21
475,weyland yutani - weekly - 2020-02-21,weyland yutani,weekly,2020-02-21,2020-02-19,2020-02-21
476,weyland yutani - weekly - 2020-02-21,weyland yutani,weekly,2020-02-21,2020-02-19,2020-02-21
477,weyland yutani - weekly - 2020-02-21,weyland yutani,weekly,2020-02-21,2020-02-19,2020-02-21
478,weyland yutani - weekly - 2020-02-21,weyland yutani,weekly,2020-02-21,2020-02-19,2020-02-21
479,weyland yutani - weekly - 2020-02-21,weyland yutani,weekly,2020-02-21,2020-02-19,2020-02-21
480,weyland yutani - weekly - 2020-02-28,weyland yutani,weekly,2020-02-28,2020-02-26,2020-02-28
481,weyland yutani - weekly - 2020-02-28,weyland yutani,weekly,2020-02-28,2020-02-26,2020-02-28
482,weyland yutani - weekly - 2020-02-28,weyland yutani,weekly,2020-02-28,2020-02-26,2020-02-28
483,weyland yutani - weekly - 2020-02-28,weyland yutani,weekly,2020-02-28,2020-02-26,2020-02-28
484,weyland yutani - weekly - 2020-02-28,weyland yutani,weekly,2020-02-28,2020-02-26,2020-02-28
485,weyland yutani - weekly - 2020-02-28,weyland yutani,weekly,2020-02-28,2020-02-26,2020-02-28
486,weyland yutani - weekly - 2020-03-06,weyland yutani,weekly,2020-03-06,2020-03-04,2020-03-06
487,weyland yutani - weekly - 2020-03-06,weyland yutani,weekly,2020-03-06,2020-03-04,2020-03-06
488,weyland yutani - weekly - 2020-03-06,weyland yutani,weekly,2020-03-06,2020-03-04,2020-03-06
489,weyland yutani - weekly - 2020-03-06,weyland yutani,weekly,2020-03-06,2020-03-04,2020-03-06
490,weyland yutani - weekly - 2020-03-06,weyland yutani,weekly,2020-03-06,2020-03-04,2020-03-06
491,weyland yutani - weekly - 2020-03-06,weyland yutani,weekly,2020-03-06,2020-03-04,2020-03-06
492,weyland yutani - weekly - 2020-03-13,weyland yutani,weekly,2020-03-13,2020-03-11,2020-03-13
493,weyland yutani - weekly - 2020-03-13,weyland yutani,weekly,2020-03-13,2020-03-11,2020-03-13
494,weyland yutani - weekly - 2020-03-13,weyland yutani,weekly,2020-03-13,2020-03-11,2020-03-13
495,weyland yutani - weekly - 2020-03-13,weyland yutani,weekly,2020-03-13,2020-03-11,2020-03-13
496,weyland yutani - weekly - 2020-03-13,weyland yutani,weekly,2020-03-13,2020-03-11,2020-03-13
497,weyland yutani - weekly - 2020-03-13,weyland yutani,weekly,2020-03-13,2020-03-11,2020-03-13
498,weyland yutani - weekly - 2020-03-20,weyland yutani,weekly,2020-03-20,2020-03-18,2020-03-20
499,weyland yutani - weekly - 2020-03-20,weyland yutani,weekly,2020-03-20,2020-03-18,2020-03-20
500,weyland yutani - weekly - 2020-03-20,weyland yutani,weekly,2020-03-20,2020-03-18,2020-03-20
501,weyland yutani - weekly - 2020-03-20,weyland yutani,weekly,2020-03-20,2020-03-18,2020-03-20
502,weyland yutani - weekly - 2020-03-20,weyland yutani,weekly,2020-03-20,2020-03-18,2020-03-20
503,weyland yutani - weekly - 2020-03-20,weyland yutani,weekly,2020-03-20,2020-03-18,2020-03-20
504,weyland yutani - weekly - 2020-03-27,weyland yutani,weekly,2020-03-27,2020-03-25,2020-03-27
505,weyland yutani - weekly - 2020-03-27,weyland yutani,weekly,2020-03-27,2020-03-25,2020-03-27
506,weyland yutani - weekly - 2020-03-27,weyland yutani,weekly,2020-03-27,2020-03-25,2020-03-27
507,weyland yutani - weekly - 2020-03-27,weyland yutani,weekly,2020-03-27,2020-03-25,2020-03-27
508,weyland yutani - weekly - 2020-03-27,weyland yutani,weekly,2020-03-27,2020-03-25,2020-03-27
509,weyland yutani - weekly - 2020-03-27,weyland yutani,weekly,2020-03-27,2020-03-25,2020-03-27
510,weyland yutani - weekly - 2020-04-03,weyland yutani,weekly,2020-04-03,2020-04-01,2020-04-03
511,weyland yutani - weekly - 2020-04-03,weyland yutani,weekly,2020-04-03,2020-04-01,2020-04-03
512,weyland yutani - weekly - 2020-04-03,weyland yutani,weekly,2020-04-03,2020-04-01,2020-04-03
513,weyland yutani - weekly - 2020-04-03,weyland yutani,weekly,2020-04-03,2020-04-01,2020-04-03
514,weyland yutani - weekly - 2020-04-03,weyland yutani,weekly,2020-04-03,2020-04-01,2020-04-03
515,weyland yutani - weekly - 2020-04-03,weyland yutani,weekly,2020-04-03,2020-04-01,2020-04-03
516,weyland yutani - weekly - 2020-04-10,weyland yutani,weekly,2020-04-10,2020-04-08,2020-04-10
517,weyland yutani - weekly - 2020-04-10,weyland yutani,weekly,2020-04-10,2020-04-08,2020-04-10
518,weyland yutani - weekly - 2020-04-10,weyland yutani,weekly,2020-04-10,2020-04-08,2020-04-10
519,weyland yutani - weekly - 2020-04-10,weyland yutani,weekly,2020-04-10,2020-04-08,2020-04-10
520,weyland yutani - weekly - 2020-04-10,weyland yutani,weekly,2020-04-10,2020-04-08,2020-04-10
521,weyland yutani - weekly - 2020-04-10,weyland yutani,weekly,2020-04-10,2020-04-08,2020-04-10
522,weyland yutani - weekly - 2020-04-17,weyland yutani,weekly,2020-04-17,2020-04-15,2020-04-17
523,weyland yutani - weekly - 2020-04-17,weyland yutani,weekly,2020-04-17,2020-04-15,2020-04-17
524,weyland yutani - weekly - 2020-04-17,weyland yutani,weekly,2020-04-17,2020-04-15,2020-04-17
525,weyland yutani - weekly - 2020-04-17,weyland yutani,weekly,2020-04-17,2020-04-15,2020-04-17
526,weyland yutani - weekly - 2020-04-17,weyland yutani,weekly,2020-04-17,2020-04-15,2020-04-17
527,weyland yutani - weekly - 2020-04-17,weyland yutani,weekly,2020-04-17,2020-04-15,2020-04-17
528,weyland yutani - weekly - 2020-04-24,weyland yutani,weekly,2020-04-24,2020-04-22,2020-04-24
529,weyland yutani - weekly - 2020-04-24,weyland yutani,weekly,2020-04-24,2020-04-22,2020-04-24
530,weyland yutani - weekly - 2020-04-24,weyland yutani,weekly,2020-04-24,2020-04-22,2020-04-24
531,weyland yutani - weekly - 2020-04-24,weyland yutani,weekly,2020-04-24,2020-04-22,2020-04-24
532,weyland yutani - weekly - 2020-04-24,weyland yutani,weekly,2020-04-24,2020-04-22,2020-04-24
533,weyland yutani - weekly - 2020-04-24,weyland yutani,weekly,2020-04-24,2020-04-22,2020-04-24
534,weyland yutani - weekly - 2020-05-01,weyland yutani,weekly,2020-05-01,2020-04-29,2020-05-01
535,weyland yutani - weekly - 2020-05-01,weyland yutani,weekly,2020-05-01,2020-04-29,2020-05-01
536,weyland yutani - weekly - 2020-05-01,weyland yutani,weekly,2020-05-01,2020-04-29,2020-05-01
537,weyland yutani - weekly - 2020-05-01,weyland yutani,weekly,2020-05-01,2020-04-29,2020-05-01
538,weyland yutani - weekly - 2020-05-01,weyland yutani,weekly,2020-05-01,2020-04-29,2020-05-01
539,weyland yutani - weekly - 2020-05-01,weyland yutani,weekly,2020-05-01,2020-04-29,2020-05-01
540,weyland yutani - weekly - 2020-05-08,weyland yutani,weekly,2020-05-08,2020-05-06,2020-05-08
541,weyland yutani - weekly - 2020-05-08,weyland yutani,weekly,2020-05-08,2020-05-06,2020-05-08
542,weyland yutani - weekly - 2020-05-08,weyland yutani,weekly,2020-05-08,2020-05-06,2020-05-08
543,weyland yutani - weekly - 2020-05-08,weyland yutani,weekly,2020-05-08,2020-05-06,2020-05-08
544,weyland yutani - weekly - 2020-05-08,weyland yutani,weekly,2020-05-08,2020-05-06,2020-05-08
545,weyland yutani - weekly - 2020-05-08,weyland yutani,weekly,2020-05-08,2020-05-06,2020-05-08
546,weyland yutani - weekly - 2020-05-15,weyland yutani,weekly,2020-05-15,2020-05-13,2020-05-15
547,weyland yutani - weekly - 2020-05-15,weyland yutani,weekly,2020-05-15,2020-05-13,2020-05-15
548,weyland yutani - weekly - 2020-05-15,weyland yutani,weekly,2020-05-15,2020-05-13,2020-05-15
549,weyland yutani - weekly - 2020-05-15,weyland yutani,weekly,2020-05-15,2020-05-13,2020-05-15
550,weyland yutani - weekly - 2020-05-15,weyland yutani,weekly,2020-05-15,2020-05-13,2020-05-15
551,weyland yutani - weekly - 2020-05-15,weyland yutani,weekly,2020-05-15,2020-05-13,2020-05-15
552,weyland yutani - weekly - 2020-05-22,weyland yutani,weekly,2020-05-22,2020-05-20,2020-05-22
553,weyland yutani - weekly - 2020-05-22,weyland yutani,weekly,2020-05-22,2020-05-20,2020-05-22
554,weyland yutani - weekly - 2020-05-22,weyland yutani,weekly,2020-05-22,2020-05-20,2020-05-22
555,weyland yutani - weekly - 2020-05-22,weyland yutani,weekly,2020-05-22,2020-05-20,2020-05-22
556,weyland yutani - weekly - 2020-05-22,weyland yutani,weekly,2020-05-22,2020-05-20,2020-05-22
557,weyland yutani - weekly - 2020-05-22,weyland yutani,weekly,2020-05-22,2020-05-20,2020-05-22
558,weyland yutani - weekly - 2020-05-29,weyland yutani,weekly,2020-05-29,2020-05-27,2020-05-29
559,weyland yutani - weekly - 2020-05-29,weyland yutani,weekly,2020-05-29,2020-05-27,2020-05-29
560,weyland yutani - weekly - 2020-05-29,weyland yutani,weekly,2020-05-29,2020-05-27,2020-05-29
561,weyland yutani - weekly - 2020-05-29,weyland yutani,weekly,2020-05-29,2020-05-27,2020-05-29
562,weyland yutani - weekly - 2020-05-29,weyland yutani,weekly,2020-05-29,2020-05-27,2020-05-29
563,weyland yutani - weekly - 2020-05-29,weyland yutani,weekly,2020-05-29,2020-05-27,2020-05-29
564,weyland yutani - weekly - 2020-06-05,weyland yutani,weekly,2020-06-05,2020-06-03,2020-06-05
565,weyland yutani - weekly - 2020-06-05,weyland yutani,weekly,2020-06-05,2020-06-03,2020-06-05
566,weyland yutani - weekly - 2020-06-05,weyland yutani,weekly,2020-06-05,2020-06-03,2020-06-05
567,weyland yutani - weekly - 2020-06-05,weyland yutani,weekly,2020-06-05,2020-06-03,2020-06-05
568,weyland yutani - weekly - 2020-06-05,weyland yutani,weekly,2020-06-05,2020-06-03,2020-06-05
569,weyland yutani - weekly - 2020-06-05,weyland yutani,weekly,2020-06-05,2020-06-03,2020-06-05
570,weyland yutani - weekly - 2020-06-12,weyland yutani,weekly,2020-06-12,2020-06-10,2020-06-12
571,weyland yutani - weekly - 2020-06-12,weyland yutani,weekly,2020-06-12,2020-06-10,2020-06-12
572,weyland yutani - weekly - 2020-06-12,weyland yutani,weekly,2020-06-12,2020-06-10,2020-06-12
573,weyland yutani - weekly - 2020-06-12,weyland yutani,weekly,2020-06-12,2020-06-10,2020-06-12
574,weyland yutani - weekly - 2020-06-12,weyland yutani,weekly,2020-06-12,2020-06-10,2020-06-12
575,weyland yutani - weekly - 2020-06-12,weyland yutani,weekly,2020-06-12,2020-06-10,2020-06-12
576,weyland yutani - weekly - 2020-06-19,weyland yutani,weekly,2020-06-19,2020-06-17,2020-06-19
577,weyland yutani - weekly - 2020-06-19,weyland yutani,weekly,2020-06-19,2020-06-17,2020-06-19
578,weyland yutani - weekly - 2020-06-19,weyland yutani,weekly,2020-06-19,2020-06-17,2020-06-19
579,weyland yutani - weekly - 2020-06-19,weyland yutani,weekly,2020-06-19,2020-06-17,2020-06-19
580,weyland yutani - weekly - 2020-06-19,weyland yutani,weekly,2020-06-19,2020-06-17,2020-06-19
581,weyland yutani - weekly - 2020-06-19,weyland yutani,weekly,2020-06-19,2020-06-17,2020-06-19
582,weyland yutani - weekly - 2020-06-26,weyland yutani,weekly,2020-06-26,2020-06-24,2020-06-26
583,weyland yutani - weekly - 2020-06-26,weyland yutani,weekly,2020-06-26,2020-06-24,2020-06-26
584,weyland yutani - weekly - 2020-06-26,weyland yutani,weekly,2020-06-26,2020-06-24,2020-06-26
585,weyland yutani - weekly - 2020-06-26,weyland yutani,weekly,2020-06-26,2020-06-24,2020-06-26
586,weyland yutani - weekly - 2020-06-26,weyland yutani,weekly,2020-06-26,2020-06-24,2020-06-26
587,weyland yutani - weekly - 2020-06-26,weyland yutani,weekly,2020-06-26,2020-06-24,2020-06-26
588,weyland yutani - weekly - 2020-07-03,weyland yutani,weekly,2020-07-03,2020-07-01,2020-07-03
589,weyland yutani - weekly - 2020-07-03,weyland yutani,weekly,2020-07-03,2020-07-01,2020-07-03
590,weyland yutani - weekly - 2020-07-03,weyland yutani,weekly,2020-07-03,2020-07-01,2020-07-03
591,weyland yutani - weekly - 2020-07-03,weyland yutani,weekly,2020-07-03,2020-07-01,2020-07-03
592,weyland yutani - weekly - 2020-07-03,weyland yutani,weekly,2020-07-03,2020-07-01,2020-07-03
593,weyland yutani - weekly - 2020-07-03,weyland yutani,weekly,2020-07-03,2020-07-01,2020-07-03
594,weyland yutani - weekly - 2020-07-10,weyland yutani,weekly,2020-07-10,2020-07-08,2020-07-10
595,weyland yutani - weekly - 2020-07-10,weyland yutani,weekly,2020-07-10,2020-07-08,2020-07-10
596,weyland yutani - weekly - 2020-07-10,weyland yutani,weekly,2020-07-10,2020-07-08,2020-07-10
597,weyland yutani - weekly - 2020-07-10,weyland yutani,weekly,2020-07-10,2020-07-08,2020-07-10
598,weyland yutani - weekly - 2020-07-10,weyland yutani,weekly,2020-07-10,2020-07-08,2020-07-10
599,weyland yutani - weekly - 2020-07-10,weyland yutani,weekly,2020-07-10,2020-07-08,2020-07-10
600,weyland yutani - weekly - 2020-07-17,weyland yutani,weekly,2020-07-17,2020-07-15,2020-07-17
601,weyland yutani - weekly - 2020-07-17,weyland yutani,weekly,2020-07-17,2020-07-15,2020-07-17
602,weyland yutani - weekly - 2020-07-17,weyland yutani,weekly,2020-07-17,2020-07-15,2020-07-17
603,weyland yutani - weekly - 2020-07-17,weyland yutani,weekly,2020-07-17,2020-07-15,2020-07-17
604,weyland yutani - weekly - 2020-07-17,weyland yutani,weekly,2020-07-17,2020-07-15,2020-07-17
605,weyland yutani - weekly - 2020-07-17,weyland yutani,weekly,2020-07-17,2020-07-15,2020-07-17
606,weyland yutani - weekly - 2020-07-24,weyland yutani,weekly,2020-07-24,2020-07-22,2020-07-24
607,weyland yutani - weekly - 2020-07-24,weyland yutani,weekly,2020-07-24,2020-07-22,2020-07-24
608,weyland yutani - weekly - 2020-07-24,weyland yutani,weekly,2020-07-24,2020-07-22,2020-07-24
609,weyland yutani - weekly - 2020-07-24,weyland yutani,weekly,2020-07-24,2020-07-22,2020-07-24
610,weyland yutani - weekly - 2020-07-24,weyland yutani,weekly,2020-07-24,2020-07-22,2020-07-24
611,weyland yutani - weekly - 2020-07-24,weyland yutani,weekly,2020-07-24,2020-07-22,2020-07-24
612,weyland yutani - weekly - 2020-07-31,weyland yutani,weekly,2020-07-31,2020-07-29,2020-07-31
613,weyland yutani - weekly - 2020-07-31,weyland yutani,weekly,2020-07-31,2020-07-29,2020-07-31
614,weyland yutani - weekly - 2020-07-31,weyland yutani,weekly,2020-07-31,2020-07-29,2020-07-31
615,weyland yutani - weekly - 2020-07-31,weyland yutani,weekly,2020-07-31,2020-07-29,2020-07-31
616,weyland yutani - weekly - 2020-07-31,weyland yutani,weekly,2020-07-31,2020-07-29,2020-07-31
617,weyland yutani - weekly - 2020-07-31,weyland yutani,weekly,2020-07-31,2020-07-29,2020-07-31
618,weyland yutani - weekly - 2020-08-07,weyland yutani,weekly,2020-08-07,2020-08-05,2020-08-07
619,weyland yutani - weekly - 2020-08-07,weyland yutani,weekly,2020-08-07,2020-08-05,2020-08-07
620,weyland yutani - weekly - 2020-08-07,weyland yutani,weekly,2020-08-07,2020-08-05,2020-08-07
621,weyland yutani - weekly - 2020-08-07,weyland yutani,weekly,2020-08-07,2020-08-05,2020-08-07
622,weyland yutani - weekly - 2020-08-07,weyland yutani,weekly,2020-08-07,2020-08-05,2020-08-07
623,weyland yutani - weekly - 2020-08-07,weyland yutani,weekly,2020-08-07,2020-08-05,2020-08-07
624,weyland yutani - weekly - 2020-08-14,weyland yutani,weekly,2020-08-14,2020-08-12,2020-08-14
625,weyland yutani - weekly - 2020-08-14,weyland yutani,weekly,2020-08-14,2020-08-12,2020-08-14
626,weyland yutani - weekly - 2020-08-14,weyland yutani,weekly,2020-08-14,2020-08-12,2020-08-14
627,weyland yutani - weekly - 2020-08-14,weyland yutani,weekly,2020-08-14,2020-08-12,2020-08-14
628,weyland yutani - weekly - 2020-08-14,weyland yutani,weekly,2020-08-14,2020-08-12,2020-08-14
629,weyland yutani - weekly - 2020-08-14,weyland yutani,weekly,2020-08-14,2020-08-12,2020-08-14
630,weyland yutani - weekly - 2020-08-21,weyland yutani,weekly,2020-08-21,2020-08-19,2020-08-21
631,weyland yutani - weekly - 2020-08-21,weyland yutani,weekly,2020-08-21,2020-08-19,2020-08-21
632,weyland yutani - weekly - 2020-08-21,weyland yutani,weekly,2020-08-21,2020-08-19,2020-08-21
633,weyland yutani - weekly - 2020-08-21,weyland yutani,weekly,2020-08-21,2020-08-19,2020-08-21
634,weyland yutani - weekly - 2020-08-21,weyland yutani,weekly,2020-08-21,2020-08-19,2020-08-21
635,weyland yutani - weekly - 2020-08-21,weyland yutani,weekly,2020-08-21,2020-08-19,2020-08-21
636,weyland yutani - weekly - 2020-08-28,weyland yutani,weekly,2020-08-28,2020-08-26,2020-08-28
637,weyland yutani - weekly - 2020-08-28,weyland yutani,weekly,2020-08-28,2020-08-26,2020-08-28
638,weyland yutani - weekly - 2020-08-28,weyland yutani,weekly,2020-08-28,2020-08-26,2020-08-28
639,weyland yutani - weekly - 2020-08-28,weyland yutani,weekly,2020-08-28,2020-08-26,2020-08-28
640,weyland yutani - weekly - 2020-08-28,weyland yutani,weekly,2020-08-28,2020-08-26,2020-08-28
641,weyland yutani - weekly - 2020-08-28,weyland yutani,weekly,2020-08-28,2020-08-26,2020-08-28
642,weyland yutani - weekly - 2020-09-04,weyland yutani,weekly,2020-09-04,2020-09-02,2020-09-04
643,weyland yutani - weekly - 2020-09-04,weyland yutani,weekly,2020-09-04,2020-09-02,2020-09-04
644,weyland yutani - weekly - 2020-09-04,weyland yutani,weekly,2020-09-04,2020-09-02,2020-09-04
645,weyland yutani - weekly - 2020-09-04,weyland yutani,weekly,2020-09-04,2020-09-02,2020-09-04
646,weyland yutani - weekly - 2020-09-04,weyland yutani,weekly,2020-09-04,2020-09-02,2020-09-04
647,weyland yutani - weekly - 2020-09-04,weyland yutani,weekly,2020-09-04,2020-09-02,2020-09-04
648,weyland yutani - weekly - 2020-09-11,weyland yutani,weekly,2020-09-11,2020-09-09,2020-09-11
649,weyland yutani - weekly - 2020-09-11,weyland yutani,weekly,2020-09-11,2020-09-09,2020-09-11
650,weyland yutani - weekly - 2020-09-11,weyland yutani,weekly,2020-09-11,2020-09-09,2020-09-11
651,weyland yutani - weekly - 2020-09-11,weyland yutani,weekly,2020-09-11,2020-09-09,2020-09-11
652,weyland yutani - weekly - 2020-09-11,weyland yutani,weekly,2020-09-11,2020-09-09,2020-09-11
653,weyland yutani - weekly - 2020-09-11,weyland yutani,weekly,2020-09-11,2020-09-09,2020-09-11
654,weyland yutani - weekly - 2020-09-18,weyland yutani,weekly,2020-09-18,2020-09-16,2020-09-18
655,weyland yutani - weekly - 2020-09-18,weyland yutani,weekly,2020-09-18,2020-09-16,2020-09-18
656,weyland yutani - weekly - 2020-09-18,weyland yutani,weekly,2020-09-18,2020-09-16,2020-09-18
657,weyland yutani - weekly - 2020-09-18,weyland yutani,weekly,2020-09-18,2020-09-16,2020-09-18
658,weyland yutani - weekly - 2020-09-18,weyland yutani,weekly,2020-09-18,2020-09-16,2020-09-18
659,weyland yutani - weekly - 2020-09-18,weyland yutani,weekly,2020-09-18,2020-09-16,2020-09-18
660,weyland yutani - weekly - 2020-09-25,weyland yutani,weekly,2020-09-25,2020-09-23,2020-09-25
661,weyland yutani - weekly - 2020-09-25,weyland yutani,weekly,2020-09-25,2020-09-23,2020-09-25
662,weyland yutani - weekly - 2020-09-25,weyland yutani,weekly,2020-09-25,2020-09-23,2020-09-25
663,weyland yutani - weekly - 2020-09-25,weyland yutani,weekly,2020-09-25,2020-09-23,2020-09-25
664,weyland yutani - weekly - 2020-09-25,weyland yutani,weekly,2020-09-25,2020-09-23,2020-09-25
665,weyland yutani - weekly - 2020-09-25,weyland yutani,weekly,2020-09-25,2020-09-23,2020-09-25
666,weyland yutani - weekly - 2020-10-02,weyland yutani,weekly,2020-10-02,2020-09-30,2020-10-02
667,weyland yutani - weekly - 2020-10-02,weyland yutani,weekly,2020-10-02,2020-09-30,2020-10-02
668,weyland yutani - weekly - 2020-10-02,weyland yutani,weekly,2020-10-02,2020-09-30,2020-10-02
669,weyland yutani - weekly - 2020-10-02,weyland yutani,weekly,2020-10-02,2020-09-30,2020-10-02
670,weyland yutani - weekly - 2020-10-02,weyland yutani,weekly,2020-10-02,2020-09-30,2020-10-02
671,weyland yutani - weekly - 2020-10-02,weyland yutani,weekly,2020-10-02,2020-09-30,2020-10-02
672,evil corp - monthly - 2019-10-09,evil corp,monthly,2019-10-07,2019-10-02,2019-10-09
673,evil corp - monthly - 2019-11-08,evil corp,monthly,2019-11-07,2019-11-01,2019-11-08
674,evil corp - monthly - 2019-12-09,evil corp,monthly,2019-12-06,2019-12-02,2019-12-09
675,evil corp - monthly - 2020-01-09,evil corp,monthly,2020-01-07,2020-01-02,2020-01-09
676,evil corp - monthly - 2020-02-07,evil corp,monthly,2020-02-07,2020-01-31,2020-02-07
677,evil corp - monthly - 2020-03-09,evil corp,monthly,2020-03-06,2020-01-31,2020-03-09
678,evil corp - monthly - 2020-04-09,evil corp,monthly,2020-04-07,2020-01-31,2020-04-09
679,evil corp - monthly - 2020-05-08,evil corp,monthly,2020-05-07,2020-01-31,2020-05-08
680,evil corp - monthly - 2020-06-09,evil corp,monthly,2020-06-05,2020-01-31,2020-06-09
681,evil corp - monthly - 2020-07-09,evil corp,monthly,2020-07-07,2020-01-31,2020-07-09
682,evil corp - monthly - 2020-08-07,evil corp,monthly,2020-08-07,2020-01-31,2020-08-07
683,evil corp - monthly - 2020-09-09,evil corp,monthly,2020-09-07,2020-01-31,2020-09-09
684,agent inc - quarterly - 2019-12-31,agent inc,quarterly,2019-12-31,2019-12-20,2019-12-31
685,agent inc - quarterly - 2020-03-31,agent inc,quarterly,2020-03-31,2020-03-20,2020-03-31
686,agent inc - quarterly - 2020-06-30,agent inc,quarterly,2020-06-30,2020-06-19,2020-06-30
687,agent inc - quarterly - 2020-09-30,agent inc,quarterly,2020-09-30,2020-09-18,2020-09-30
688,wayne enterprises - quarterly-after - 2019-01-04,wayne enterprises,quarterly-after,2019-01-15,2019-01-01,2019-01-04
689,wayne enterprises - quarterly-after - 2019-04-04,wayne enterprises,quarterly-after,2019-04-15,2019-04-01,2019-04-04
690,wayne enterprises - quarterly-after - 2019-07-04,wayne enterprises,quarterly-after,2019-07-15,2019-07-01,2019-07-04
691,wayne enterprises - quarterly-after - 2019-10-04,wayne enterprises,quarterly-after,2019-10-15,2019-10-01,2019-10-04
692,stark technologies - quarterly - 2019-12-27,stark technologies,quarterly,2019-12-25,2019-12-13,2019-12-27
693,stark technologies - quarterly - 2020-03-27,stark technologies,quarterly,2020-03-25,2020-03-13,2020-03-27
694,stark technologies - quarterly - 2020-06-26,stark technologies,quarterly,2020-06-25,2020-06-12,2020-06-26
695,stark technologies - quarterly - 2020-09-25,stark technologies,quarterly,2020-09-25,2020-09-11,2020-09-25
